1,James,Smith
2,Robert,Johnson
3,John,Williams
4,Michael,Brown
5,William,Jones
6,David,Garcia
7,Richard,Miller
8,Joseph,Davis
9,Thomas,Rodriguez
10,Charles,Martinez
11,Christopher,Hernandez
12,Daniel,Lopez
13,Matthew,Gonzales
14,Anthony,Wilson
15,Mark,Anderson
16,Donald,Thomas
17,Steven,Taylor
18,Paul,Moore
19,Andrew,Jackson
20,Joshua,Martin
21,Kenneth,Lee
22,Kevin,Perez
23,Brian,Thompson
24,George,White
25,Edward,Harris
26,Ronald,Sanchez
27,Timothy,Clark
28,Jason,Ramirez
29,Jeffrey,Lewis
30,Ryan,Robinson
31,Jacob,Walker
32,Gary,Young
33,Nicholas,Allen
34,Eric,King
35,Jonathan,Wright
36,Stephen,Scott
37,Larry,Torres
38,Justin,Nguyen
39,Scott,Hill
40,Mary,Flores
41,Patricia,Green
42,Jennifer,Adams
43,Linda,Nelson
44,Elizabeth,Baker
45,Barbara,Hall
46,Susan,Rivera
47,Jessica,Campbell
48,Sarah,Mitchell
49,Karen,Carter
50,Nancy,Roberts
51,Lisa,Gomez
52,Betty,Phillips
53,Margaret,Evans
54,Sandra,Turner
55,Ashley,Diaz
56,Kimberly,Parker
57,Emily,Cruz
58,Donna,Edwards
59,Michelle,Collins
60,Dorothy,Reyes
61,Carol,Stewart
62,Amanda,Morris
63,Melissa,Morales
64,Deborah,Murphy
65,Stephanie,Cook
66,Rebecca,Rogers
67,Sharon,Gutierrez
68,Laura,Ortiz
69,Cynthia,Morgan
70,Kathleen,Cooper
71,Amy,Peterson
72,Shirley,Bailey
73,Angela,Reed
74,Helen,Kelly
75,Anna,Howard
76,Brenda,Ramos
77,Pamela,Kim
78,Nicole,Cox
79,Brandon,Ward
80,Benjamin,Richardson
81,Samuel,Watson
82,Gregory,Brooks
83,Frank,Chavez
84,Alexander,Wood
85,Raymond,James
86,Patrick,Bennet
87,Jack,Gray
88,Dennis,Mendoza
89,Jerry,Ruiz
90,Emma,Hughes
91,Samantha,Price
92,Katherine,Alvarez
93,Christine,Castillo
94,Debra,Sanders
95,Rachel,Patel
96,Catherine,Myers
97,Carolyn,Long
98,Janet,Ross
99,Ruth,Foster
100,Maria,Jimenez
